fragment, used, inprojects, sloc, usedsloc, percent,,
16327677_0.java,64602,14,60,18,0.3,x,Arrays - errors
25018225_0.java,31943,14,132,18,0.14,x,Arrays - errors
21535828_0.java,2984,14,69,18,0.26,x,Arrays - errors
22041769_1.java,1014,14,54,18,0.33,x,Arrays - errors
12124636_0.java,1014,14,85,18,0.21,x,Arrays - errors
21655588_0.java,1014,14,85,18,0.21,x,Arrays - errors
10105260_0.java,551,3,26,7,0.27,x,ok
3046986_1.java,480,3,22,7,0.32,x,ok
3664108_0.java,474,3,90,7,0.08,x,ok
16179971_5.java,464,3,26,7,0.27,x,ok
22315282_2.java,258,7,26,7,0.27,x,ok
14735904_0.java,258,7,44,7,0.16,x,ok
21280704_0.java,166,7,49,7,0.14,x,ok
15248123_2.java,14,1,28,7,0.25,x,ok
13836362_1.java,8,1,28,8,0.29,x,ok
13125257_0.java,8,1,21,5,0.24,x,ok
18223701_0.java,5,3,62,6,0.1,x,
5558166_0.java,3,2,13,5,0.38,x,
17873797_0.java,3,2,18,5,0.28,x,
22876532_0.java,3,1,25,6,0.24,x,
14165567_1.java,3,1,21,5,0.24,x,
19979651_1.java,2,2,30,7,0.23,x,
18502506_0.java,2,1,30,6,0.2,x,
15889119_0.java,1,1,17,15,0.88,x,
18545064_0.java,1,1,9,6,0.67,x,
9010878_0.java,1,1,8,5,0.63,x,
11481112_0.java,1,1,39,10,0.26,x,
12380997_0.java,1,1,50,10,0.2,x,
17128289_0.java,1,1,85,7,0.08,x,
18921519_0.java,1,1,102,7,0.07,x,
16326090_1.java,1,1,89,5,0.06,x,
11569223_0.java,1,1,143,7,0.05,x,
14016914_0.java,1,1,105,5,0.05,x,
1988212_1.java,464,3,37,7,0.19,,
20829961_0.java,464,3,56,7,0.13,,
11671112_0.java,419,7,65,7,0.11,,
11937204_2.java,349,2,24,7,0.29,,
15698192_2.java,347,4,27,7,0.26,,
15698192_3.java,347,4,27,7,0.26,,
17260065_0.java,343,2,23,7,0.3,,
10055548_0.java,308,9,84,7,0.08,,
10194435_0.java,285,7,61,7,0.11,,
24330611_0.java,273,7,355,7,0.02,,
4207100_2.java,272,7,45,7,0.16,,
4207100_3.java,272,7,62,7,0.11,,
6921379_0.java,271,7,28,7,0.25,,
12776901_0.java,271,7,28,7,0.25,,
20755453_0.java,270,7,28,7,0.25,,
25386510_0.java,270,7,28,7,0.25,,
18209411_3.java,270,7,32,7,0.22,,
16688737_0.java,270,7,41,7,0.17,,
25763458_0.java,259,7,28,7,0.25,,
7383847_1.java,259,7,63,7,0.11,,
23415361_1.java,258,7,24,7,0.29,,
3692441_0.java,258,7,28,7,0.25,,
8422637_0.java,258,7,28,7,0.25,,
23526184_0.java,258,7,29,7,0.24,,
13225202_0.java,258,7,32,7,0.22,,
12008316_0.java,258,7,32,7,0.22,,
19614645_1.java,258,7,32,7,0.22,,
23197177_1.java,258,7,34,7,0.21,,
15095000_0.java,258,7,37,7,0.19,,
5961624_0.java,258,7,39,7,0.18,,
9684751_0.java,258,7,40,7,0.18,,
17920930_0.java,258,7,41,7,0.17,,
2265637_0.java,258,7,43,7,0.16,,
24040300_3.java,258,7,43,7,0.16,,
9591522_0.java,258,7,46,7,0.15,,
3851674_0.java,258,7,46,7,0.15,,
15850476_0.java,258,7,46,7,0.15,,
1516601_0.java,258,7,47,7,0.15,,
11917735_0.java,258,7,48,7,0.15,,
13066157_0.java,258,7,57,7,0.12,,
3482765_0.java,258,7,57,7,0.12,,
8252690_0.java,258,7,60,7,0.12,,
22264084_0.java,258,7,62,7,0.11,,
20453802_0.java,258,7,69,7,0.1,,
25044969_0.java,258,7,81,7,0.09,,
17941176_0.java,258,7,101,7,0.07,,
13435398_0.java,258,7,115,7,0.06,,
21581988_0.java,258,7,421,7,0.02,,
19856538_0.java,219,13,73,6,0.08,,
16292834_0.java,172,2,72,7,0.1,,
23423905_0.java,168,7,36,7,0.19,,
10748516_0.java,161,7,17,7,0.41,,
14155715_0.java,161,7,17,7,0.41,,
19220757_0.java,161,7,17,7,0.41,,
19262353_0.java,161,7,17,7,0.41,,
10308733_1.java,161,7,20,7,0.35,,
20203510_1.java,161,7,20,7,0.35,,
10406949_0.java,161,7,21,7,0.33,,
22030522_0.java,161,7,23,7,0.3,,
14824172_0.java,161,7,26,7,0.27,,
8810487_0.java,161,7,27,7,0.26,,
22124868_0.java,161,7,28,7,0.25,,
25157616_1.java,161,7,38,7,0.18,,
3357300_0.java,161,7,38,7,0.18,,
11555766_0.java,161,7,38,7,0.18,,
16462678_0.java,161,7,39,7,0.18,,
24772546_0.java,161,7,75,7,0.09,,
14455624_1.java,161,7,95,7,0.07,,
21146668_0.java,156,3,43,7,0.16,,
7452490_1.java,111,6,34,7,0.21,,
3757982_0.java,108,6,22,7,0.32,,
6286898_0.java,108,6,43,7,0.16,,
8965751_0.java,105,13,20,6,0.3,,
4161761_0.java,105,1,31,6,0.19,,
3384825_3.java,104,1,22,6,0.27,,
3384825_4.java,104,1,23,6,0.26,,
3137777_0.java,104,1,24,6,0.25,,
13434746_0.java,81,3,42,10,0.24,,
4298836_0.java,76,13,230,6,0.03,,
4533682_1.java,71,7,61,8,0.13,,
23634030_0.java,62,1,44,6,0.14,,
3378450_0.java,62,1,81,6,0.07,,
25424476_1.java,61,1,42,6,0.14,,
13389700_2.java,61,1,72,6,0.08,,
9242621_0.java,60,1,14,6,0.43,,
22733485_0.java,60,1,17,6,0.35,,
9993817_0.java,60,1,27,6,0.22,,
5730232_0.java,60,1,32,6,0.19,,
7838936_0.java,60,1,43,6,0.14,,
11209077_0.java,60,1,46,6,0.13,,
22009796_0.java,60,1,47,6,0.13,,
9657759_1.java,60,1,53,6,0.11,,
24430415_0.java,60,1,119,6,0.05,,
25423980_0.java,60,1,126,6,0.05,,
24682528_2.java,60,1,165,6,0.04,,
2132385_0.java,59,7,28,8,0.29,,
24652083_0.java,59,7,55,8,0.15,,
7570821_0.java,54,6,9,7,0.78,,
10702534_0.java,54,6,40,7,0.18,,
13417932_2.java,41,5,23,10,0.43,,
18013191_1.java,34,3,40,6,0.15,,
19154487_0.java,30,5,16,10,0.63,,
14908094_2.java,30,5,16,10,0.63,,
13721279_0.java,30,5,17,7,0.41,,
14636363_1.java,30,3,130,7,0.05,,
15705710_0.java,29,12,25,5,0.2,,
24973385_0.java,29,3,59,10,0.17,,
10814214_2.java,29,1,22,7,0.32,,
3865391_0.java,28,1,19,7,0.37,,
3032205_0.java,28,1,23,7,0.3,,
10713332_0.java,28,1,25,7,0.28,,
23605439_0.java,28,1,97,7,0.07,,
17997605_0.java,27,5,28,10,0.36,,
4377130_0.java,27,5,36,10,0.28,,
4247539_0.java,27,1,17,7,0.41,,
9945067_0.java,27,1,22,7,0.32,,
6486206_0.java,27,1,23,7,0.3,,
4329039_5.java,27,1,25,7,0.28,,
11694204_0.java,27,1,25,7,0.28,,
25321858_0.java,27,1,29,7,0.24,,
11903456_0.java,27,1,32,7,0.22,,
22625057_0.java,27,1,33,7,0.21,,
13136224_1.java,27,1,36,7,0.19,,
24475366_0.java,27,1,36,7,0.19,,
20791703_0.java,27,1,41,7,0.17,,
13933424_0.java,26,5,24,10,0.42,,
10814214_1.java,26,2,126,5,0.04,,
17635649_0.java,24,10,47,7,0.15,,
23528334_1.java,24,3,21,10,0.48,,
4268247_1.java,23,11,38,5,0.13,,
21642132_0.java,23,11,68,5,0.07,,
21678096_0.java,23,11,107,5,0.05,,
20227507_1.java,22,5,22,10,0.45,,
20590064_1.java,22,5,22,10,0.45,,
18832502_1.java,21,11,25,5,0.2,,
6965149_0.java,21,11,30,5,0.17,,
20462607_0.java,21,11,116,5,0.04,,
25683631_0.java,21,11,151,5,0.03,,
22291914_1.java,21,11,180,5,0.03,,
25198825_0.java,21,5,30,10,0.33,,
11083864_3.java,21,5,37,10,0.27,,
11083864_1.java,21,5,38,10,0.26,,
11058682_0.java,21,5,53,10,0.19,,
11038888_1.java,21,5,61,10,0.16,,
21161594_1.java,21,5,65,10,0.15,,
12852742_0.java,21,1,95,6,0.06,,
23305945_0.java,20,4,12,5,0.42,,
10000096_1.java,20,3,17,10,0.59,,
12936580_0.java,20,1,212,5,0.02,,
14274409_1.java,19,3,24,10,0.42,,
23272461_3.java,19,3,37,10,0.27,,
22970618_0.java,19,3,38,10,0.26,,
13459971_0.java,19,3,52,10,0.19,,
22212300_1.java,19,3,82,10,0.12,,
20593873_1.java,19,3,112,10,0.09,,
5883717_1.java,17,8,16,10,0.63,,
6082389_0.java,17,8,30,10,0.33,,
17698380_0.java,17,8,65,10,0.15,,
15649188_0.java,16,2,77,10,0.13,,
6236324_0.java,16,1,323,6,0.02,,
23568650_0.java,15,2,20,10,0.5,,
19957163_1.java,15,2,27,10,0.37,,
22233192_1.java,14,1,18,7,0.39,,
22959859_1.java,14,1,21,7,0.33,,
16206651_1.java,14,1,26,7,0.27,,
22608959_0.java,14,1,27,7,0.26,,
5441529_0.java,14,1,28,7,0.25,,
24414041_0.java,14,1,29,7,0.24,,
21141147_1.java,14,1,29,7,0.24,,
16206651_0.java,14,1,30,7,0.23,,
12279998_4.java,14,1,36,7,0.19,,
16337816_0.java,14,1,36,7,0.19,,
22622437_0.java,14,1,44,7,0.16,,
23419554_0.java,14,1,52,7,0.13,,
22600739_0.java,14,1,68,7,0.1,,
6966963_0.java,13,9,62,7,0.11,,
25097708_0.java,13,3,239,6,0.03,,
24056686_0.java,13,2,20,10,0.5,,
9404593_0.java,13,1,17,5,0.29,,
25092487_0.java,11,4,17,7,0.41,,
10165127_0.java,11,2,57,8,0.14,,
23286787_0.java,11,1,79,10,0.13,,
17342522_0.java,11,1,114,5,0.04,,
16270950_0.java,10,3,22,5,0.23,,
14930413_0.java,9,6,27,10,0.37,,
22010866_1.java,9,3,39,7,0.18,,
20681509_0.java,9,2,23,10,0.43,,
10135259_0.java,9,2,22,8,0.36,,
2752455_0.java,9,2,23,8,0.35,,
23782959_0.java,9,2,23,8,0.35,,
1201102_0.java,9,2,23,8,0.35,,
3939285_0.java,9,2,29,10,0.34,,
4453908_0.java,9,2,21,7,0.33,,
14073238_0.java,9,2,53,10,0.19,,
18614607_0.java,9,1,43,8,0.19,,
20082520_0.java,9,1,75,5,0.07,,
10264657_0.java,8,4,9,7,0.78,,
12835370_0.java,8,4,12,9,0.75,,
11202699_0.java,8,4,12,9,0.75,,
12428601_0.java,8,4,12,9,0.75,,
25603104_0.java,8,3,16,7,0.44,,
23254493_0.java,8,3,89,7,0.08,,
4608146_0.java,8,2,13,8,0.62,,
19952325_0.java,8,1,32,5,0.16,,
21900950_0.java,8,1,78,5,0.06,,
19774879_0.java,8,1,94,5,0.05,,
22501464_0.java,7,5,23,10,0.43,,
24848281_0.java,7,5,26,10,0.38,,
23540649_1.java,7,5,42,10,0.24,,
16831289_0.java,7,5,44,10,0.23,,
3212907_0.java,7,5,52,10,0.19,,
24358038_0.java,7,5,53,10,0.19,,
20522073_1.java,7,5,55,10,0.18,,
25624267_0.java,7,2,41,6,0.15,,
15260207_0.java,7,2,227,7,0.03,,
13466006_1.java,7,1,23,7,0.3,,
11696992_0.java,7,1,116,5,0.04,,
6931385_0.java,6,4,31,6,0.19,,
8180925_0.java,6,4,60,10,0.17,,
24647708_1.java,6,3,11,6,0.55,,
23463899_0.java,6,3,20,6,0.3,,
21103067_0.java,6,3,24,6,0.25,,
25655970_0.java,6,3,35,6,0.17,,
25676286_0.java,6,3,51,7,0.14,,
21749977_1.java,6,3,50,6,0.12,,
25465723_0.java,6,3,54,6,0.11,,
15408066_0.java,6,3,96,6,0.06,,
20444710_3.java,6,2,28,10,0.36,,
10211953_0.java,6,2,29,10,0.34,,
9829474_0.java,6,2,17,5,0.29,,
14849596_0.java,6,2,22,6,0.27,,
7836146_0.java,6,2,37,10,0.27,,
10402768_1.java,6,2,42,10,0.24,,
14740385_2.java,6,1,31,10,0.32,,
17573548_0.java,6,1,18,5,0.28,,
2611536_0.java,6,1,32,7,0.22,,
21786837_0.java,6,1,50,10,0.2,,
11555597_0.java,6,1,39,7,0.18,,
7732479_1.java,6,1,42,5,0.12,,
8472494_0.java,6,1,98,5,0.05,,
13298858_1.java,5,5,24,7,0.29,,
25366055_0.java,5,4,22,5,0.23,,
2067401_0.java,5,3,12,6,0.5,,
24102177_1.java,5,3,17,6,0.35,,
25321860_0.java,5,3,19,6,0.32,,
9792030_0.java,5,3,42,6,0.14,,
2372954_0.java,5,3,48,6,0.13,,
20493800_1.java,5,3,67,6,0.09,,
1204658_0.java,5,3,172,6,0.03,,
15834107_0.java,5,2,21,6,0.29,,
14983497_0.java,5,2,61,7,0.11,,
5764008_1.java,5,2,164,7,0.04,,
22987070_0.java,5,1,9,5,0.56,,
5309185_0.java,5,1,11,5,0.45,,
12728036_0.java,5,1,11,5,0.45,,
17175043_1.java,5,1,15,5,0.33,,
21620983_0.java,5,1,15,5,0.33,,
7047728_0.java,5,1,44,13,0.3,,
11368428_1.java,5,1,27,7,0.26,,
14634075_2.java,5,1,21,5,0.24,,
23344377_0.java,5,1,23,5,0.22,,
11937204_3.java,5,1,31,6,0.19,,
21620983_1.java,5,1,28,5,0.18,,
19298607_0.java,5,1,51,7,0.14,,
13293946_0.java,5,1,49,5,0.1,,
12640454_0.java,5,1,58,5,0.09,,
13219118_0.java,5,1,85,7,0.08,,
12913121_0.java,5,1,62,5,0.08,,
13587740_0.java,5,1,69,5,0.07,,
15421552_0.java,5,1,71,5,0.07,,
12943487_0.java,5,1,74,5,0.07,,
3911987_0.java,5,1,133,7,0.05,,
12301173_0.java,5,1,100,5,0.05,,
12604600_0.java,5,1,115,5,0.04,,
13505913_0.java,5,1,157,6,0.04,,
14941808_0.java,5,1,209,5,0.02,,
10883946_0.java,5,1,211,5,0.02,,
24013939_0.java,4,4,12,9,0.75,,
15209900_0.java,4,4,14,5,0.36,,
23376059_0.java,4,4,98,5,0.05,,
24231072_3.java,4,4,146,7,0.05,,
21761537_0.java,4,3,29,7,0.24,,
23291118_1.java,4,2,35,10,0.29,,
19459023_0.java,4,2,18,5,0.28,,
15959072_0.java,4,2,32,8,0.25,,
18013191_3.java,4,2,53,10,0.19,,
12486929_0.java,4,2,96,10,0.1,,
19153957_0.java,4,2,89,7,0.08,,
14821842_1.java,4,1,16,10,0.63,,
21734562_0.java,4,1,70,10,0.14,,
17708273_0.java,4,1,58,8,0.14,,
8037824_0.java,4,1,42,5,0.12,,
14020074_0.java,4,1,125,11,0.09,,
6722760_1.java,4,1,57,5,0.09,,
9549009_0.java,4,1,72,6,0.08,,
13247649_0.java,4,1,106,8,0.08,,
21998949_0.java,4,1,90,6,0.07,,
22143333_0.java,4,1,176,7,0.04,,
18970642_3.java,4,1,185,6,0.03,,
15521421_0.java,4,1,202,6,0.03,,
16246659_0.java,3,3,13,7,0.54,,
11296702_0.java,3,3,14,7,0.5,,
20616132_0.java,3,3,14,7,0.5,,
13003973_0.java,3,3,14,7,0.5,,
19433968_0.java,3,3,16,7,0.44,,
16411972_0.java,3,3,15,6,0.4,,
20817825_0.java,3,3,18,6,0.33,,
12711403_5.java,3,3,25,7,0.28,,
10353664_1.java,3,3,23,6,0.26,,
16447052_0.java,3,3,32,7,0.22,,
12381574_0.java,3,3,51,10,0.2,,
19492512_0.java,3,3,49,7,0.14,,
20968539_2.java,3,3,56,7,0.13,,
21478546_0.java,3,3,60,7,0.12,,
23144266_0.java,3,3,55,6,0.11,,
18928222_0.java,3,3,103,7,0.07,,
22160470_1.java,3,3,301,10,0.03,,
6121298_0.java,3,2,22,9,0.41,,
17966859_0.java,3,2,19,5,0.26,,
8836350_0.java,3,2,19,5,0.26,,
20793662_0.java,3,2,47,10,0.21,,
14002290_0.java,3,2,33,6,0.18,,
1514773_0.java,3,2,73,10,0.14,,
14505129_0.java,3,2,74,10,0.14,,
11239674_1.java,3,2,93,10,0.11,,
4387534_1.java,3,1,20,10,0.5,,
7836146_3.java,3,1,28,10,0.36,,
7504040_0.java,3,1,22,6,0.27,,
13171520_0.java,3,1,22,5,0.23,,
1732506_0.java,3,1,25,5,0.2,,
7728817_0.java,3,1,27,5,0.19,,
21309519_1.java,3,1,50,9,0.18,,
7691963_0.java,3,1,30,5,0.17,,
21105036_0.java,3,1,34,5,0.15,,
8779209_0.java,3,1,42,5,0.12,,
16718736_0.java,3,1,44,5,0.11,,
5708120_0.java,3,1,65,5,0.08,,
12013910_2.java,3,1,67,5,0.07,,
5419632_0.java,3,1,120,7,0.06,,
22064171_0.java,3,1,104,5,0.05,,
7211514_0.java,3,1,135,6,0.04,,
10082128_2.java,3,1,114,5,0.04,,
11851968_0.java,3,1,115,5,0.04,,
13824658_2.java,3,1,202,8,0.04,,
19051537_0.java,2,2,88,63,0.72,,
13631637_0.java,2,2,7,5,0.71,,
3559815_0.java,2,2,24,10,0.42,,
3388910_0.java,2,2,25,5,0.2,,
17839323_0.java,2,2,26,5,0.19,,
10091556_0.java,2,2,47,9,0.19,,
22930527_1.java,2,2,29,5,0.17,,
10602740_0.java,2,2,43,5,0.12,,
11569335_1.java,2,2,59,5,0.08,,
11569335_0.java,2,2,60,5,0.08,,
15901708_0.java,2,2,65,5,0.08,,
13302801_0.java,2,2,111,5,0.05,,
9128840_0.java,2,2,144,5,0.03,,
16180910_0.java,2,1,15,13,0.87,,
6722760_0.java,2,1,6,5,0.83,,
25414160_0.java,2,1,11,9,0.82,,
21655754_0.java,2,1,10,7,0.7,,
8482425_0.java,2,1,9,6,0.67,,
23346101_1.java,2,1,22,13,0.59,,
1642629_1.java,2,1,14,7,0.5,,
21364076_1.java,2,1,15,7,0.47,,
4623777_0.java,2,1,15,6,0.4,,
12879764_0.java,2,1,41,15,0.37,,
9432435_0.java,2,1,28,10,0.36,,
21114828_0.java,2,1,28,10,0.36,,
8730169_0.java,2,1,29,10,0.34,,
21702608_0.java,2,1,36,12,0.33,,
16418306_0.java,2,1,22,7,0.32,,
17994928_0.java,2,1,16,5,0.31,,
22948074_0.java,2,1,23,7,0.3,,
23586872_1.java,2,1,21,6,0.29,,
12427981_1.java,2,1,55,15,0.27,,
1110491_0.java,2,1,44,11,0.25,,
4487541_0.java,2,1,25,6,0.24,,
4024890_0.java,2,1,30,7,0.23,,
23520731_0.java,2,1,75,17,0.23,,
2875015_0.java,2,1,46,10,0.22,,
9319652_1.java,2,1,35,7,0.2,,
18303692_0.java,2,1,68,11,0.16,,
24777272_0.java,2,1,39,6,0.15,,
11187462_0.java,2,1,87,12,0.14,,
20895609_0.java,2,1,85,11,0.13,,
16928749_0.java,2,1,98,12,0.12,,
17797136_0.java,2,1,44,5,0.11,,
10548630_0.java,2,1,106,11,0.1,,
16930707_0.java,2,1,71,7,0.1,,
22393642_0.java,2,1,76,7,0.09,,
7727999_0.java,2,1,203,8,0.04,,
7995857_0.java,2,1,285,7,0.02,,
5713930_0.java,1,1,16,15,0.94,,
2398335_0.java,1,1,16,15,0.94,,
15168494_0.java,1,1,30,28,0.93,,
23974103_0.java,1,1,36,33,0.92,,
20458485_0.java,1,1,12,11,0.92,,
10274267_0.java,1,1,12,11,0.92,,
3275733_0.java,1,1,12,11,0.92,,
14330686_0.java,1,1,12,11,0.92,,
3788516_0.java,1,1,12,11,0.92,,
21777900_0.java,1,1,12,11,0.92,,
14582029_0.java,1,1,12,11,0.92,,
2761630_0.java,1,1,11,10,0.91,,
23967852_0.java,1,1,20,18,0.9,,
8802082_2.java,1,1,20,18,0.9,,
801987_0.java,1,1,18,16,0.89,,
24963319_3.java,1,1,17,15,0.88,,
10737817_0.java,1,1,14,12,0.86,,
16058183_0.java,1,1,14,12,0.86,,
15429589_0.java,1,1,7,6,0.86,,
9291241_1.java,1,1,12,10,0.83,,
8713017_0.java,1,1,12,10,0.83,,
15633427_0.java,1,1,12,10,0.83,,
11930074_0.java,1,1,6,5,0.83,,
8611693_0.java,1,1,6,5,0.83,,
11913733_0.java,1,1,6,5,0.83,,
14845581_1.java,1,1,11,9,0.82,,
18137301_0.java,1,1,16,13,0.81,,
92962_0.java,1,1,62,49,0.79,,
8257554_0.java,1,1,14,11,0.79,,
25056629_1.java,1,1,14,11,0.79,,
17756093_0.java,1,1,9,7,0.78,,
13607687_0.java,1,1,9,7,0.78,,
24963319_2.java,1,1,13,10,0.77,,
11825416_0.java,1,1,13,10,0.77,,
5039178_3.java,1,1,8,6,0.75,,
24748828_0.java,1,1,7,5,0.71,,
8758512_0.java,1,1,12,8,0.67,,
14080238_0.java,1,1,9,6,0.67,,
7733735_0.java,1,1,8,5,0.63,,
227049_0.java,1,1,8,5,0.63,,
19044749_0.java,1,1,8,5,0.63,,
15383688_0.java,1,1,8,5,0.63,,
24924255_0.java,1,1,32,19,0.59,,
6441604_0.java,1,1,12,7,0.58,,
8478640_1.java,1,1,12,7,0.58,,
10636043_0.java,1,1,12,7,0.58,,
15839660_1.java,1,1,18,10,0.56,,
18928097_0.java,1,1,9,5,0.56,,
20414379_0.java,1,1,9,5,0.56,,
17739460_0.java,1,1,11,6,0.55,,
20166855_0.java,1,1,13,7,0.54,,
10599247_0.java,1,1,17,9,0.53,,
22553523_0.java,1,1,16,8,0.5,,
17606223_0.java,1,1,14,7,0.5,,
16761944_0.java,1,1,12,6,0.5,,
17297819_0.java,1,1,12,6,0.5,,
9556760_1.java,1,1,10,5,0.5,,
19340685_0.java,1,1,17,8,0.47,,
609430_0.java,1,1,17,8,0.47,,
8978831_2.java,1,1,15,7,0.47,,
9060013_0.java,1,1,15,7,0.47,,
3280700_1.java,1,1,13,6,0.46,,
22309263_0.java,1,1,13,6,0.46,,
7532965_0.java,1,1,13,6,0.46,,
3144444_0.java,1,1,11,5,0.45,,
2440228_0.java,1,1,11,5,0.45,,
23272461_10.java,1,1,23,10,0.43,,
8424176_0.java,1,1,23,10,0.43,,
12375937_0.java,1,1,24,10,0.42,,
14693840_0.java,1,1,24,10,0.42,,
20717451_0.java,1,1,12,5,0.42,,
7653558_2.java,1,1,17,7,0.41,,
4705410_0.java,1,1,20,8,0.4,,
4771030_0.java,1,1,15,6,0.4,,
7504040_2.java,1,1,15,6,0.4,,
11756284_0.java,1,1,18,7,0.39,,
18947675_0.java,1,1,18,7,0.39,,
5325408_1.java,1,1,26,10,0.38,,
13460735_0.java,1,1,13,5,0.38,,
8007983_1.java,1,1,16,6,0.38,,
8416340_0.java,1,1,27,10,0.37,,
23070487_0.java,1,1,19,7,0.37,,
24963319_5.java,1,1,19,7,0.37,,
22735160_0.java,1,1,28,10,0.36,,
11602665_0.java,1,1,14,5,0.36,,
4053177_0.java,1,1,14,5,0.36,,
10031897_0.java,1,1,14,5,0.36,,
14176961_1.java,1,1,14,5,0.36,,
3537407_0.java,1,1,17,6,0.35,,
4196836_0.java,1,1,20,7,0.35,,
20189901_8.java,1,1,20,7,0.35,,
6240956_1.java,1,1,20,7,0.35,,
5771041_0.java,1,1,20,7,0.35,,
22315734_0.java,1,1,26,9,0.35,,
7272251_0.java,1,1,29,10,0.34,,
24736685_0.java,1,1,21,7,0.33,,
3137777_1.java,1,1,18,6,0.33,,
9925895_0.java,1,1,18,6,0.33,,
17015548_0.java,1,1,18,6,0.33,,
16755253_0.java,1,1,18,6,0.33,,
8970260_0.java,1,1,15,5,0.33,,
10140686_0.java,1,1,15,5,0.33,,
7888049_0.java,1,1,15,5,0.33,,
13392391_0.java,1,1,16,5,0.31,,
25304185_0.java,1,1,23,7,0.3,,
25108080_0.java,1,1,23,7,0.3,,
20577069_0.java,1,1,33,10,0.3,,
9859376_0.java,1,1,33,10,0.3,,
8325842_0.java,1,1,33,10,0.3,,
4001722_0.java,1,1,20,6,0.3,,
22466372_0.java,1,1,20,6,0.3,,
22214357_0.java,1,1,17,5,0.29,,
8964820_0.java,1,1,21,6,0.29,,
6908216_0.java,1,1,22,6,0.27,,
4903799_0.java,1,1,22,6,0.27,,
5190105_0.java,1,1,37,10,0.27,,
11322575_0.java,1,1,19,5,0.26,,
14173799_1.java,1,1,23,6,0.26,,
12477263_0.java,1,1,23,6,0.26,,
22576386_0.java,1,1,27,7,0.26,,
21099738_0.java,1,1,58,15,0.26,,
15271448_0.java,1,1,28,7,0.25,,
25505852_2.java,1,1,28,7,0.25,,
14740385_4.java,1,1,20,5,0.25,,
11092289_1.java,1,1,57,14,0.25,,
14804456_0.java,1,1,41,10,0.24,,
19084086_0.java,1,1,29,7,0.24,,
17333568_0.java,1,1,26,6,0.23,,
22233497_0.java,1,1,44,10,0.23,,
3806154_0.java,1,1,22,5,0.23,,
5975897_0.java,1,1,40,9,0.23,,
22852349_1.java,1,1,23,5,0.22,,
7504040_3.java,1,1,28,6,0.21,,
11824150_0.java,1,1,24,5,0.21,,
6738931_0.java,1,1,24,5,0.21,,
11173409_0.java,1,1,24,5,0.21,,
20384228_0.java,1,1,34,7,0.21,,
23846367_1.java,1,1,26,5,0.19,,
11775529_0.java,1,1,26,5,0.19,,
16473163_0.java,1,1,26,5,0.19,,
17648378_0.java,1,1,26,5,0.19,,
9709633_0.java,1,1,169,32,0.19,,
12812198_0.java,1,1,37,7,0.19,,
18833798_0.java,1,1,43,8,0.19,,
12907249_0.java,1,1,39,7,0.18,,
7402814_0.java,1,1,34,6,0.18,,
14693840_5.java,1,1,29,5,0.17,,
11608885_0.java,1,1,35,6,0.17,,
6153182_0.java,1,1,30,5,0.17,,
4881082_0.java,1,1,30,5,0.17,,
9650217_0.java,1,1,62,10,0.16,,
18532857_0.java,1,1,31,5,0.16,,
2953040_0.java,1,1,44,7,0.16,,
23800112_0.java,1,1,44,7,0.16,,
13336902_2.java,1,1,32,5,0.16,,
12917441_0.java,1,1,32,5,0.16,,
25776609_1.java,1,1,45,7,0.16,,
9984165_0.java,1,1,68,10,0.15,,
14677473_0.java,1,1,34,5,0.15,,
1888284_0.java,1,1,49,7,0.14,,
3938161_1.java,1,1,49,7,0.14,,
4199439_0.java,1,1,37,5,0.14,,
24686880_0.java,1,1,46,6,0.13,,
5058210_0.java,1,1,55,7,0.13,,
18646292_0.java,1,1,57,7,0.12,,
6291363_0.java,1,1,41,5,0.12,,
3376242_0.java,1,1,42,5,0.12,,
10292516_0.java,1,1,79,9,0.11,,
20102983_0.java,1,1,53,6,0.11,,
10376035_0.java,1,1,90,10,0.11,,
18934994_1.java,1,1,54,6,0.11,,
13678077_0.java,1,1,73,8,0.11,,
5209299_0.java,1,1,64,7,0.11,,
23877939_1.java,1,1,56,6,0.11,,
24824472_5.java,1,1,56,6,0.11,,
22261392_0.java,1,1,119,12,0.1,,
5338272_0.java,1,1,72,7,0.1,,
13678077_1.java,1,1,84,8,0.1,,
11958726_0.java,1,1,95,9,0.09,,
8701537_0.java,1,1,80,7,0.09,,
1805910_0.java,1,1,58,5,0.09,,
23691316_0.java,1,1,58,5,0.09,,
17220973_0.java,1,1,59,5,0.08,,
1805151_0.java,1,1,71,6,0.08,,
17979690_0.java,1,1,71,6,0.08,,
24780122_0.java,1,1,60,5,0.08,,
16813782_0.java,1,1,61,5,0.08,,
9168410_0.java,1,1,125,10,0.08,,
25569957_0.java,1,1,63,5,0.08,,
11279561_0.java,1,1,127,10,0.08,,
7183748_0.java,1,1,64,5,0.08,,
20690969_0.java,1,1,81,6,0.07,,
22683989_0.java,1,1,98,7,0.07,,
20513679_0.java,1,1,132,9,0.07,,
18764836_0.java,1,1,133,9,0.07,,
15373186_0.java,1,1,133,9,0.07,,
2770163_2.java,1,1,105,7,0.07,,
24453994_0.java,1,1,137,9,0.07,,
21912294_0.java,1,1,138,9,0.07,,
23546673_0.java,1,1,112,7,0.06,,
24959408_0.java,1,1,113,7,0.06,,
22496562_1.java,1,1,113,7,0.06,,
21142088_0.java,1,1,146,9,0.06,,
17164751_0.java,1,1,82,5,0.06,,
18974782_0.java,1,1,85,5,0.06,,
14693840_2.java,1,1,85,5,0.06,,
22674477_0.java,1,1,106,6,0.06,,
11097545_0.java,1,1,91,5,0.05,,
13731734_0.java,1,1,112,6,0.05,,
11867360_0.java,1,1,132,7,0.05,,
10752032_0.java,1,1,96,5,0.05,,
10443975_0.java,1,1,97,5,0.05,,
7732479_2.java,1,1,98,5,0.05,,
1665237_0.java,1,1,146,7,0.05,,
18630832_0.java,1,1,114,5,0.04,,
24066771_0.java,1,1,124,5,0.04,,
23426261_2.java,1,1,181,7,0.04,,
18671842_0.java,1,1,140,5,0.04,,
24604869_0.java,1,1,212,7,0.03,,
11371025_0.java,1,1,185,6,0.03,,
11156584_0.java,1,1,196,6,0.03,,
23744131_0.java,1,1,183,5,0.03,,
22314620_0.java,1,1,243,6,0.02,,
23473251_1.java,1,1,207,5,0.02,,
5432641_0.java,1,1,214,5,0.02,,
25544305_0.java,1,1,248,5,0.02,,
6153182_1.java,1,1,502,5,0.01,,
Total,127373,,MEAN,7.530139104,0.272333849,,
AVG,38.33384853,,MAX,63,0.94,,
MIN,1,,MEDIAN,7,0.22,,
MAX,551,,MODE,7,0.19,,
MEAN,38.33384853,,MIN,5,0.01,,
MODE,1,,,,,,
MEDIAN,3,,,,,,
Total - outliers,24802,,,,,,