Fragment Name, Used, In Projects
7733735_0.java,1,1
16761944_0.java,1,1
16813782_0.java,1,1
11602665_0.java,1,1
18137301_0.java,1,1
6236324_0.java,16,1
11555597_0.java,6,1
4487541_0.java,2,1
19856538_0.java,219,13
8965751_0.java,105,13
4298836_0.java,76,13
17635649_0.java,24,10
6966963_0.java,13,9
14020074_0.java,4,1
20895609_0.java,2,1
24736685_0.java,1,1
22314620_0.java,1,1
16831289_0.java,7,5
24848281_0.java,7,5
20522073_1.java,7,5
3212907_0.java,7,5
22501464_0.java,7,5
24358038_0.java,7,5
23540649_1.java,7,5
6082389_0.java,17,8
5883717_1.java,17,8
17698380_0.java,17,8
14930413_0.java,9,6
9291241_1.java,1,1
19051537_0.java,2,2
20462607_0.java,21,11
6965149_0.java,21,11
25683631_0.java,21,11
21678096_0.java,23,11
4268247_1.java,23,11
22291914_1.java,21,11
18832502_1.java,21,11
15705710_0.java,29,12
21642132_0.java,23,11
22576386_0.java,1,1
1805910_0.java,1,1
25092487_0.java,11,4
23305945_0.java,20,4
7727999_0.java,2,1
16327677_0.java,64602,14
21535828_0.java,2984,14
25018225_0.java,31943,14
22041769_1.java,1014,14
12124636_0.java,1014,14
21655588_0.java,1014,14
25569957_0.java,1,1
23846367_1.java,1,1
22214357_0.java,1,1
19979651_1.java,2,2
21309519_1.java,3,1
22553523_0.java,1,1
18303692_0.java,2,1
1805151_0.java,1,1
11775529_0.java,1,1
23691316_0.java,1,1
23070487_0.java,1,1
21478546_0.java,3,3
9556760_1.java,1,1
24013939_0.java,4,4
12835370_0.java,8,4
11202699_0.java,8,4
12428601_0.java,8,4
3559815_0.java,2,2
14505129_0.java,3,2
12381574_0.java,3,3
11187462_0.java,2,1
12427981_1.java,2,1
18223701_0.java,5,3
25321860_0.java,5,3
18928097_0.java,1,1
20717451_0.java,1,1
20414379_0.java,1,1
3144444_0.java,1,1
8970260_0.java,1,1
227049_0.java,1,1
13392391_0.java,1,1
13836362_1.java,8,1
13933424_0.java,26,5
20227507_1.java,22,5
20590064_1.java,22,5
19154487_0.java,30,5
13721279_0.java,30,5
14908094_2.java,30,5
11083864_3.java,21,5
11083864_1.java,21,5
21161594_1.java,21,5
11038888_1.java,21,5
11058682_0.java,21,5
25198825_0.java,21,5
17997605_0.java,27,5
4377130_0.java,27,5
13417932_2.java,41,5
19492512_0.java,3,3
16447052_0.java,3,3
25676286_0.java,6,3
15698192_2.java,347,4
20968539_2.java,3,3
15698192_3.java,347,4
21761537_0.java,4,3
24231072_3.java,4,4
25603104_0.java,8,3
5039178_3.java,1,1
13336902_2.java,1,1
6153182_1.java,1,1
6153182_0.java,1,1
13125257_0.java,8,1
9404593_0.java,13,1
7183748_0.java,1,1
17164751_0.java,1,1
18934994_1.java,1,1
6908216_0.java,1,1
4196836_0.java,1,1
22930527_1.java,2,2
9829474_0.java,6,2
23877939_1.java,1,1
8180925_0.java,6,4
20793662_0.java,3,2
23291118_1.java,4,2
7995857_0.java,2,1
9709633_0.java,1,1
16270950_0.java,10,3
15834107_0.java,5,2
10140686_0.java,1,1
18646292_0.java,1,1
4024890_0.java,2,1
22143333_0.java,4,1
20384228_0.java,1,1
6921379_0.java,271,7
3692441_0.java,258,7
9684751_0.java,258,7
2265637_0.java,258,7
13225202_0.java,258,7
25044969_0.java,258,7
14455624_1.java,161,7
22030522_0.java,161,7
12008316_0.java,258,7
10308733_1.java,161,7
13066157_0.java,258,7
9591522_0.java,258,7
10748516_0.java,161,7
11917735_0.java,258,7
25157616_1.java,161,7
20755453_0.java,270,7
23415361_1.java,258,7
12776901_0.java,271,7
20203510_1.java,161,7
16688737_0.java,270,7
3357300_0.java,161,7
5961624_0.java,258,7
20453802_0.java,258,7
25386510_0.java,270,7
3757982_0.java,108,6
25763458_0.java,259,7
24330611_0.java,273,7
3851674_0.java,258,7
22124868_0.java,161,7
7383847_1.java,259,7
4207100_2.java,272,7
14155715_0.java,161,7
22315282_2.java,258,7
7452490_1.java,111,6
4207100_3.java,272,7
3482765_0.java,258,7
17920930_0.java,258,7
11555766_0.java,161,7
7570821_0.java,54,6
18209411_3.java,270,7
23423905_0.java,168,7
23197177_1.java,258,7
8252690_0.java,258,7
8422637_0.java,258,7
19220757_0.java,161,7
22264084_0.java,258,7
15850476_0.java,258,7
14735904_0.java,258,7
21581988_0.java,258,7
10194435_0.java,285,7
17941176_0.java,258,7
21280704_0.java,166,7
16462678_0.java,161,7
10055548_0.java,308,9
13435398_0.java,258,7
15095000_0.java,258,7
23526184_0.java,258,7
14824172_0.java,161,7
6286898_0.java,108,6
8810487_0.java,161,7
19614645_1.java,258,7
19262353_0.java,161,7
1516601_0.java,258,7
11671112_0.java,419,7
10702534_0.java,54,6
24772546_0.java,161,7
10406949_0.java,161,7
24040300_3.java,258,7
4533682_1.java,71,7
24652083_0.java,59,7
2132385_0.java,59,7
21105036_0.java,3,1
11851968_0.java,3,1
14165567_1.java,3,1
12013910_2.java,3,1
1732506_0.java,3,1
10082128_2.java,3,1
7728817_0.java,3,1
17573548_0.java,6,1
7732479_1.java,6,1
8472494_0.java,6,1
13171520_0.java,3,1
18974782_0.java,1,1
16473163_0.java,1,1
25544305_0.java,1,1
5309185_0.java,5,1
12301173_0.java,5,1
12604600_0.java,5,1
23344377_0.java,5,1
12913121_0.java,5,1
14634075_2.java,5,1
17175043_1.java,5,1
13293946_0.java,5,1
15421552_0.java,5,1
13587740_0.java,5,1
14941808_0.java,5,1
12943487_0.java,5,1
12640454_0.java,5,1
21620983_1.java,5,1
10883946_0.java,5,1
12728036_0.java,5,1
21620983_0.java,5,1
23254493_0.java,8,3
14849596_0.java,6,2
19153957_0.java,4,2
10091556_0.java,2,2
4001722_0.java,1,1
11156584_0.java,1,1
13460735_0.java,1,1
11097545_0.java,1,1
25624267_0.java,7,2
15209900_0.java,4,4
23376059_0.java,4,4
25366055_0.java,5,4
18502506_0.java,2,1
4903799_0.java,1,1
17648378_0.java,1,1
15959072_0.java,4,2
4453908_0.java,9,2
2752455_0.java,9,2
10165127_0.java,11,2
10135259_0.java,9,2
23782959_0.java,9,2
1201102_0.java,9,2
4608146_0.java,8,2
3911987_0.java,5,1
13219118_0.java,5,1
22852349_1.java,1,1
15901708_0.java,2,2
11867360_0.java,1,1
24056686_0.java,13,2
15649188_0.java,16,2
8701537_0.java,1,1
10264657_0.java,8,4
6441604_0.java,1,1
5338272_0.java,1,1
1988212_1.java,464,3
10105260_0.java,551,3
3046986_1.java,480,3
21146668_0.java,156,3
16179971_5.java,464,3
3664108_0.java,474,3
20829961_0.java,464,3
20577069_0.java,1,1
9859376_0.java,1,1
25304185_0.java,1,1
13298858_1.java,5,5
8416340_0.java,1,1
15521421_0.java,4,1
18970642_3.java,4,1
17606223_0.java,1,1
11296702_0.java,3,3
20616132_0.java,3,3
19433968_0.java,3,3
12711403_5.java,3,3
18928222_0.java,3,3
16246659_0.java,3,3
13003973_0.java,3,3
20189901_8.java,1,1
19044749_0.java,1,1
22876532_0.java,3,1
18545064_0.java,1,1
14080238_0.java,1,1
8978831_2.java,1,1
24647708_1.java,6,3
20817825_0.java,3,3
23144266_0.java,3,3
10353664_1.java,3,3
16411972_0.java,3,3
20681509_0.java,9,2
14073238_0.java,9,2
3939285_0.java,9,2
13434746_0.java,81,3
23568650_0.java,15,2
19957163_1.java,15,2
22160470_1.java,3,3
13731734_0.java,1,1
5419632_0.java,3,1
4881082_0.java,1,1
22683989_0.java,1,1
5209299_0.java,1,1
19084086_0.java,1,1
24959408_0.java,1,1
1665237_0.java,1,1
5058210_0.java,1,1
23426261_2.java,1,1
11569223_0.java,1,1
24604869_0.java,1,1
11756284_0.java,1,1
22496562_1.java,1,1
15271448_0.java,1,1
15260207_0.java,7,2
23546673_0.java,1,1
18921519_0.java,1,1
18947675_0.java,1,1
1888284_0.java,1,1
17839323_0.java,2,2
17966859_0.java,3,2
13631637_0.java,2,2
13302801_0.java,2,2
7402814_0.java,1,1
5764008_1.java,5,2
11930074_0.java,1,1
17873797_0.java,3,2
10602740_0.java,2,2
9128840_0.java,2,2
19459023_0.java,4,2
11569335_0.java,2,2
3388910_0.java,2,2
8836350_0.java,3,2
11569335_1.java,2,2
11824150_0.java,1,1
6240956_1.java,1,1
24963319_5.java,1,1
6121298_0.java,3,2
10599247_0.java,1,1
24963319_2.java,1,1
11825416_0.java,1,1
24963319_3.java,1,1
11608885_0.java,1,1
23463899_0.java,6,3
25465723_0.java,6,3
18013191_1.java,34,3
6931385_0.java,6,4
21749977_1.java,6,3
1204658_0.java,5,3
21103067_0.java,6,3
2372954_0.java,5,3
9792030_0.java,5,3
25097708_0.java,13,3
2067401_0.java,5,3
15408066_0.java,6,3
24102177_1.java,5,3
25655970_0.java,6,3
20493800_1.java,5,3
8611693_0.java,1,1
8478640_1.java,1,1
4053177_0.java,1,1
14002290_0.java,3,2
5708120_0.java,3,1
1514773_0.java,3,2
18833798_0.java,1,1
22315734_0.java,1,1
8713017_0.java,1,1
16928749_0.java,2,1
14845581_1.java,1,1
21702608_0.java,2,1
16180910_0.java,2,1
801987_0.java,1,1
7888049_0.java,1,1
18532857_0.java,1,1
5432641_0.java,1,1
17220973_0.java,1,1
3806154_0.java,1,1
22948074_0.java,2,1
3137777_1.java,1,1
22393642_0.java,2,1
3280700_1.java,1,1
10031897_0.java,1,1
14983497_0.java,5,2
11937204_3.java,5,1
7211514_0.java,3,1
9925895_0.java,1,1
14636363_1.java,30,3
22010866_1.java,9,3
10713332_0.java,28,1
10814214_2.java,29,1
23605439_0.java,28,1
11913733_0.java,1,1
3137777_0.java,104,1
3384825_4.java,104,1
3384825_3.java,104,1
4161761_0.java,105,1
17260065_0.java,343,2
11937204_2.java,349,2
9010878_0.java,1,1
21364076_1.java,2,1
1642629_1.java,2,1
14173799_1.java,1,1
17015548_0.java,1,1
3032205_0.java,28,1
11903456_0.java,27,1
25321858_0.java,27,1
13136224_1.java,27,1
3865391_0.java,28,1
24475366_0.java,27,1
4329039_5.java,27,1
9945067_0.java,27,1
11694204_0.java,27,1
20791703_0.java,27,1
22625057_0.java,27,1
6486206_0.java,27,1
4247539_0.java,27,1
25776609_1.java,1,1
13505913_0.java,5,1
22987070_0.java,5,1
12812198_0.java,1,1
15248123_2.java,14,1
5441529_0.java,14,1
22959859_1.java,14,1
22233192_1.java,14,1
12279998_4.java,14,1
22608959_0.java,14,1
13466006_1.java,7,1
22622437_0.java,14,1
24414041_0.java,14,1
16337816_0.java,14,1
23419554_0.java,14,1
16206651_0.java,14,1
21141147_1.java,14,1
22600739_0.java,14,1
16206651_1.java,14,1
17128289_0.java,1,1
21655754_0.java,2,1
22309263_0.java,1,1
16418306_0.java,2,1
12477263_0.java,1,1
4623777_0.java,2,1
24430415_0.java,60,1
13389700_2.java,61,1
23634030_0.java,62,1
9993817_0.java,60,1
24682528_2.java,60,1
11209077_0.java,60,1
5730232_0.java,60,1
3378450_0.java,62,1
22733485_0.java,60,1
25423980_0.java,60,1
22009796_0.java,60,1
9242621_0.java,60,1
25424476_1.java,61,1
9657759_1.java,60,1
7838936_0.java,60,1
3938161_1.java,1,1
2953040_0.java,1,1
24824472_5.java,1,1
20102983_0.java,1,1
3537407_0.java,1,1
8964820_0.java,1,1
16292834_0.java,172,2
17333568_0.java,1,1
12917441_0.java,1,1
21142088_0.java,1,1
9319652_1.java,2,1
17708273_0.java,4,1
16930707_0.java,2,1
2611536_0.java,6,1
19298607_0.java,5,1
12375937_0.java,1,1
4387534_1.java,3,1
7836146_3.java,3,1
15839660_1.java,1,1
7272251_0.java,1,1
23528334_1.java,24,3
23272461_3.java,19,3
14274409_1.java,19,3
20593873_1.java,19,3
13459971_0.java,19,3
22212300_1.java,19,3
22970618_0.java,19,3
24973385_0.java,29,3
10000096_1.java,20,3
14821842_1.java,4,1
2875015_0.java,2,1
9432435_0.java,2,1
21114828_0.java,2,1
8730169_0.java,2,1
5771041_0.java,1,1
12380997_0.java,1,1
23272461_10.java,1,1
14804456_0.java,1,1
22735160_0.java,1,1
9650217_0.java,1,1
8325842_0.java,1,1
19340685_0.java,1,1
20444710_3.java,6,2
10211953_0.java,6,2
7836146_0.java,6,2
10402768_1.java,6,2
12486929_0.java,4,2
18013191_3.java,4,2
609430_0.java,1,1
8257554_0.java,1,1
15633427_0.java,1,1
22261392_0.java,1,1
23346101_1.java,2,1
2761630_0.java,1,1
7047728_0.java,5,1
20458485_0.java,1,1
10274267_0.java,1,1
3275733_0.java,1,1
14330686_0.java,1,1
3788516_0.java,1,1
21777900_0.java,1,1
14582029_0.java,1,1
10737817_0.java,1,1
5713930_0.java,1,1
2398335_0.java,1,1
23520731_0.java,2,1
23967852_0.java,1,1
24924255_0.java,1,1
15168494_0.java,1,1
23974103_0.java,1,1
12852742_0.java,21,1
24686880_0.java,1,1
6738931_0.java,1,1
11239674_1.java,3,2
21786837_0.java,6,1
14740385_2.java,6,1
23286787_0.java,11,1
10376035_0.java,1,1
2440228_0.java,1,1
9168410_0.java,1,1
17739460_0.java,1,1
10814214_1.java,26,2
11371025_0.java,1,1
23744131_0.java,1,1
23473251_1.java,1,1
7732479_2.java,1,1
14016914_0.java,1,1
22064171_0.java,3,1
11696992_0.java,7,1
10752032_0.java,1,1
21912294_0.java,1,1
18764836_0.java,1,1
20513679_0.java,1,1
15373186_0.java,1,1
10292516_0.java,1,1
11092289_1.java,1,1
12879764_0.java,2,1
25108080_0.java,1,1
24453994_0.java,1,1
25056629_1.java,1,1
7691963_0.java,3,1
3376242_0.java,1,1
14693840_5.java,1,1
4199439_0.java,1,1
24066771_0.java,1,1
14693840_2.java,1,1
18630832_0.java,1,1
14740385_4.java,1,1
6291363_0.java,1,1
24780122_0.java,1,1
10443975_0.java,1,1
18671842_0.java,1,1
14677473_0.java,1,1
11322575_0.java,1,1
22233497_0.java,1,1
5325408_1.java,1,1
11481112_0.java,1,1
13678077_0.java,1,1
5975897_0.java,1,1
13824658_2.java,3,1
25414160_0.java,2,1
13678077_1.java,1,1
8037824_0.java,4,1
16718736_0.java,3,1
17797136_0.java,2,1
23800112_0.java,1,1
18614607_0.java,9,1
12907249_0.java,1,1
2770163_2.java,1,1
4771030_0.java,1,1
17297819_0.java,1,1
5190105_0.java,1,1
10636043_0.java,1,1
14693840_0.java,1,1
21734562_0.java,4,1
21099738_0.java,1,1
8424176_0.java,1,1
20166855_0.java,1,1
5558166_0.java,3,2
11279561_0.java,1,1
12936580_0.java,20,1
19774879_0.java,8,1
19952325_0.java,8,1
21900950_0.java,8,1
17342522_0.java,11,1
20082520_0.java,9,1
21998949_0.java,4,1
16326090_1.java,1,1
20690969_0.java,1,1
11368428_1.java,5,1
8758512_0.java,1,1
1110491_0.java,2,1
10548630_0.java,2,1
13247649_0.java,4,1
11958726_0.java,1,1
16058183_0.java,1,1
6722760_1.java,4,1
6722760_0.java,2,1
9984165_0.java,1,1
11173409_0.java,1,1
92962_0.java,1,1
22674477_0.java,1,1
15889119_0.java,1,1
24777272_0.java,2,1
7532965_0.java,1,1
14176961_1.java,1,1
17994928_0.java,2,1
15383688_0.java,1,1
24748828_0.java,1,1
7504040_3.java,1,1
7504040_0.java,3,1
17756093_0.java,1,1
13607687_0.java,1,1
7504040_2.java,1,1
7653558_2.java,1,1
9060013_0.java,1,1
23586872_1.java,2,1
16755253_0.java,1,1
8007983_1.java,1,1
4705410_0.java,1,1
8802082_2.java,1,1
8779209_0.java,3,1
9549009_0.java,4,1
17979690_0.java,1,1
15429589_0.java,1,1
25505852_2.java,1,1
8482425_0.java,2,1
22466372_0.java,1,1
